ID;telephone;phoneRAI;website;Response;Comments;email_1;sector;company-TEST-TEST
DE049753W;+49 30 98311304;;www.dsb-kowolik.de;;;rainer.warth@hotmail.ch;DST;DSB KOWOLIK GMBH
DE044682W;+49 6196 7694458;;www.bageee.fashion123.de;;;rainer.warth@bluewin.ch;DST;BAGEEE HANDELSGESELLSCHAFT MBH
DE053771W;+49 6196 7773575;;www.gitauto.com;;;rainer.warth@gmail.com;DST;GIT EUROPE GMBH
DE059131W;+49 211 5579690;;www.kerpers.de;;;rainer.warth@posteo.de;DST;KERPERS INNOVATION HANDELS GMBH
DE073504F;+49 30 36432424;;;;;contact@hybiom.com;DST;VLP GMBH
DE073504F;+49 30 36432424;;;;;forwarder@rainer-warth.eu;DST;VLP GMBH
DE073504F;+49 30 36432424;;;;;contact@hybiom.com;DST;VLP GMBH
DE049753W;+49 30 98311304;;www.dsb-kowolik.de;;;rainer.warth@hotmail.ch;DST;DSB KOWOLIK GMBH
DE044682W;+49 6196 7694458;;www.bageee.fashion123.de;;;rainer.warth@bluewin.ch;DST;BAGEEE HANDELSGESELLSCHAFT MBH
DE053771W;+49 6196 7773575;;www.gitauto.com;;;rainer.warth@gmail.com;DST;GIT EUROPE GMBH
DE059131W;+49 211 5579690;;www.kerpers.de;;;rainer.warth@posteo.de;DST;KERPERS INNOVATION HANDELS GMBH
DE073504F;+49 30 36432424;;;;;contact@hybiom.com;DST;VLP GMBH
DE073504F;+49 30 36432424;;;;;forwarder@rainer-warth.eu;DST;VLP GMBH
DE073504F;+49 30 36432424;;;;;contact@hybiom.com;DST;VLP GMBH
DE049753W;+49 30 98311304;;www.dsb-kowolik.de;;;rainer.warth@hotmail.ch;DST;DSB KOWOLIK GMBH
DE044682W;+49 6196 7694458;;www.bageee.fashion123.de;;;rainer.warth@bluewin.ch;DST;BAGEEE HANDELSGESELLSCHAFT MBH
DE053771W;+49 6196 7773575;;www.gitauto.com;;;rainer.warth@gmail.com;DST;GIT EUROPE GMBH
DE059131W;+49 211 5579690;;www.kerpers.de;;;rainer.warth@posteo.de;DST;KERPERS INNOVATION HANDELS GMBH
DE020;+49 30 36432424;;;;;contact@hybiom.com;DST;VLP GMBH
DE073504F;+49 30 36432424;;;;;forwarder@rainer-warth.eu;DST;VLP GMBH
DE073504F;+49 30 36432424;;;;;contact@hybiom.com;DST;VLP GMBH
DE049753W;+49 30 98311304;;www.dsb-kowolik.de;;;rainer.warth@hotmail.ch;DST;DSB KOWOLIK GMBH
DE044682W;+49 6196 7694458;;www.bageee.fashion123.de;;;rainer.warth@bluewin.ch;DST;BAGEEE HANDELSGESELLSCHAFT MBH
DE053771W;+49 6196 7773575;;www.gitauto.com;;;rainer.warth@gmail.com;DST;GIT EUROPE GMBH
DE059131W;+49 211 5579690;;www.kerpers.de;;;rainer.warth@posteo.de;DST;KERPERS INNOVATION HANDELS GMBH
DE073504F;+49 30 36432424;;;;;contact@hybiom.com;DST;VLP GMBH
DE073504F;+49 30 36432424;;;;;forwarder@rainer-warth.eu;DST;VLP GMBH
DE073504F;+49 30 36432424;;;;;contact@hybiom.com;DST;VLP GMBH
DE049753W;+49 30 98311304;;www.dsb-kowolik.de;;;rainer.warth@hotmail.ch;DST;DSB KOWOLIK GMBH
DE044682W;+49 6196 7694458;;www.bageee.fashion123.de;;;rainer.warth@bluewin.ch;DST;BAGEEE HANDELSGESELLSCHAFT MBH
DE053771W;+49 6196 7773575;;www.gitauto.com;;;rainer.warth@gmail.com;DST;GIT EUROPE GMBH
DE059131W;+49 211 5579690;;www.kerpers.de;;;rainer.warth@posteo.de;DST;KERPERS INNOVATION HANDELS GMBH
DE073504F;+49 30 36432424;;;;;contact@hybiom.com;DST;VLP GMBH
DE073504F;+49 30 36432424;;;;;forwarder@rainer-warth.eu;DST;VLP GMBH
DE073504F;+49 30 36432424;;;;;contact@hybiom.com;DST;VLP GMBH
DE049753W;+49 30 98311304;;www.dsb-kowolik.de;;;rainer.warth@hotmail.ch;DST;DSB KOWOLIK GMBH
DE044682W;+49 6196 7694458;;www.bageee.fashion123.de;;;rainer.warth@bluewin.ch;DST;BAGEEE HANDELSGESELLSCHAFT MBH
DE053771W;+49 6196 7773575;;www.gitauto.com;;;rainer.warth@gmail.com;DST;GIT EUROPE GMBH
DE040;+49 211 5579690;;www.kerpers.de;;;rainer.warth@posteo.de;DST;KERPERS INNOVATION HANDELS GMBH
DE073504F;+49 30 36432424;;;;;contact@hybiom.com;DST;VLP GMBH
DE073504F;+49 30 36432424;;;;;forwarder@rainer-warth.eu;DST;VLP GMBH
DE073504F;+49 30 36432424;;;;;contact@hybiom.com;DST;VLP GMBH
DE049753W;+49 30 98311304;;www.dsb-kowolik.de;;;rainer.warth@hotmail.ch;DST;DSB KOWOLIK GMBH
DE044682W;+49 6196 7694458;;www.bageee.fashion123.de;;;rainer.warth@bluewin.ch;DST;BAGEEE HANDELSGESELLSCHAFT MBH
DE053771W;+49 6196 7773575;;www.gitauto.com;;;rainer.warth@gmail.com;DST;GIT EUROPE GMBH
DE059131W;+49 211 5579690;;www.kerpers.de;;;rainer.warth@posteo.de;DST;KERPERS INNOVATION HANDELS GMBH
DE073504F;+49 30 36432424;;;;;contact@hybiom.com;DST;VLP GMBH
DE073504F;+49 30 36432424;;;;;forwarder@rainer-warth.eu;DST;VLP GMBH
DE073504F;+49 30 36432424;;;;;contact@hybiom.com;DST;VLP GMBH
DE049753W;+49 30 98311304;;www.dsb-kowolik.de;;;rainer.warth@hotmail.ch;DST;DSB KOWOLIK GMBH
DE044682W;+49 6196 7694458;;www.bageee.fashion123.de;;;rainer.warth@bluewin.ch;DST;BAGEEE HANDELSGESELLSCHAFT MBH
DE053771W;+49 6196 7773575;;www.gitauto.com;;;rainer.warth@gmail.com;DST;GIT EUROPE GMBH
DE059131W;+49 211 5579690;;www.kerpers.de;;;rainer.warth@posteo.de;DST;KERPERS INNOVATION HANDELS GMBH
DE073504F;+49 30 36432424;;;;;contact@hybiom.com;DST;VLP GMBH
DE073504F;+49 30 36432424;;;;;forwarder@rainer-warth.eu;DST;VLP GMBH
DE073504F;+49 30 36432424;;;;;contact@hybiom.com;DST;VLP GMBH
DE049753W;+49 30 98311304;;www.dsb-kowolik.de;;;rainer.warth@hotmail.ch;DST;DSB KOWOLIK GMBH
DE044682W;+49 6196 7694458;;www.bageee.fashion123.de;;;rainer.warth@bluewin.ch;DST;BAGEEE HANDELSGESELLSCHAFT MBH
DE060;+49 6196 7773575;;www.gitauto.com;;;rainer.warth@gmail.com;DST;GIT EUROPE GMBH
DE059131W;+49 211 5579690;;www.kerpers.de;;;rainer.warth@posteo.de;DST;KERPERS INNOVATION HANDELS GMBH
DE073504F;+49 30 36432424;;;;;contact@hybiom.com;DST;VLP GMBH
DE073504F;+49 30 36432424;;;;;forwarder@rainer-warth.eu;DST;VLP GMBH
DE073504F;+49 30 36432424;;;;;contact@hybiom.com;DST;VLP GMBH
DE049753W;+49 30 98311304;;www.dsb-kowolik.de;;;rainer.warth@hotmail.ch;DST;DSB KOWOLIK GMBH
DE044682W;+49 6196 7694458;;www.bageee.fashion123.de;;;rainer.warth@bluewin.ch;DST;BAGEEE HANDELSGESELLSCHAFT MBH
DE053771W;+49 6196 7773575;;www.gitauto.com;;;rainer.warth@gmail.com;DST;GIT EUROPE GMBH
DE059131W;+49 211 5579690;;www.kerpers.de;;;rainer.warth@posteo.de;DST;KERPERS INNOVATION HANDELS GMBH
DE073504F;+49 30 36432424;;;;;contact@hybiom.com;DST;VLP GMBH
DE073504F;+49 30 36432424;;;;;forwarder@rainer-warth.eu;DST;VLP GMBH
DE073504F;+49 30 36432424;;;;;contact@hybiom.com;DST;VLP GMBH
DE049753W;+49 30 98311304;;www.dsb-kowolik.de;;;rainer.warth@hotmail.ch;DST;DSB KOWOLIK GMBH
DE044682W;+49 6196 7694458;;www.bageee.fashion123.de;;;rainer.warth@bluewin.ch;DST;BAGEEE HANDELSGESELLSCHAFT MBH
DE053771W;+49 6196 7773575;;www.gitauto.com;;;rainer.warth@gmail.com;DST;GIT EUROPE GMBH
DE059131W;+49 211 5579690;;www.kerpers.de;;;rainer.warth@posteo.de;DST;KERPERS INNOVATION HANDELS GMBH
DE073504F;+49 30 36432424;;;;;contact@hybiom.com;DST;VLP GMBH
DE073504F;+49 30 36432424;;;;;forwarder@rainer-warth.eu;DST;VLP GMBH
DE073504F;+49 30 36432424;;;;;contact@hybiom.com;DST;VLP GMBH
DE049753W;+49 30 98311304;;www.dsb-kowolik.de;;;rainer.warth@hotmail.ch;DST;DSB KOWOLIK GMBH
DE080;+49 6196 7694458;;www.bageee.fashion123.de;;;rainer.warth@bluewin.ch;DST;BAGEEE HANDELSGESELLSCHAFT MBH
DE053771W;+49 6196 7773575;;www.gitauto.com;;;rainer.warth@gmail.com;DST;GIT EUROPE GMBH
DE059131W;+49 211 5579690;;www.kerpers.de;;;rainer.warth@posteo.de;DST;KERPERS INNOVATION HANDELS GMBH
DE073504F;+49 30 36432424;;;;;contact@hybiom.com;DST;VLP GMBH
DE073504F;+49 30 36432424;;;;;forwarder@rainer-warth.eu;DST;VLP GMBH
DE073504F;+49 30 36432424;;;;;contact@hybiom.com;DST;VLP GMBH
DE049753W;+49 30 98311304;;www.dsb-kowolik.de;;;rainer.warth@hotmail.ch;DST;DSB KOWOLIK GMBH
DE044682W;+49 6196 7694458;;www.bageee.fashion123.de;;;rainer.warth@bluewin.ch;DST;BAGEEE HANDELSGESELLSCHAFT MBH
DE053771W;+49 6196 7773575;;www.gitauto.com;;;rainer.warth@gmail.com;DST;GIT EUROPE GMBH
DE059131W;+49 211 5579690;;www.kerpers.de;;;rainer.warth@posteo.de;DST;KERPERS INNOVATION HANDELS GMBH
DE073504F;+49 30 36432424;;;;;contact@hybiom.com;DST;VLP GMBH
DE073504F;+49 30 36432424;;;;;forwarder@rainer-warth.eu;DST;VLP GMBH
DE073504F;+49 30 36432424;;;;;contact@hybiom.com;DST;VLP GMBH
DE049753W;+49 30 98311304;;www.dsb-kowolik.de;;;rainer.warth@hotmail.ch;DST;DSB KOWOLIK GMBH
DE044682W;+49 6196 7694458;;www.bageee.fashion123.de;;;rainer.warth@bluewin.ch;DST;BAGEEE HANDELSGESELLSCHAFT MBH
DE053771W;+49 6196 7773575;;www.gitauto.com;;;rainer.warth@gmail.com;DST;GIT EUROPE GMBH
DE059131W;+49 211 5579690;;www.kerpers.de;;;rainer.warth@posteo.de;DST;KERPERS INNOVATION HANDELS GMBH
DE073504F;+49 30 36432424;;;;;contact@hybiom.com;DST;VLP GMBH
DE073504F;+49 30 36432424;;;;;forwarder@rainer-warth.eu;DST;VLP GMBH
DE073504F;+49 30 36432424;;;;;contact@hybiom.com;DST;VLP GMBH
DE100;+49 30 98311304;;www.dsb-kowolik.de;;;rainer.warth@hotmail.ch;DST;DSB KOWOLIK GMBH
DE044682W;+49 6196 7694458;;www.bageee.fashion123.de;;;rainer.warth@bluewin.ch;DST;BAGEEE HANDELSGESELLSCHAFT MBH
DE053771W;+49 6196 7773575;;www.gitauto.com;;;rainer.warth@gmail.com;DST;GIT EUROPE GMBH
DE059131W;+49 211 5579690;;www.kerpers.de;;;rainer.warth@posteo.de;DST;KERPERS INNOVATION HANDELS GMBH
DE073504F;+49 30 36432424;;;;;contact@hybiom.com;DST;VLP GMBH
DE073504F;+49 30 36432424;;;;;forwarder@rainer-warth.eu;DST;VLP GMBH
DE073504F;+49 30 36432424;;;;;contact@hybiom.com;DST;VLP GMBH
DE049753W;+49 30 98311304;;www.dsb-kowolik.de;;;rainer.warth@hotmail.ch;DST;DSB KOWOLIK GMBH
DE044682W;+49 6196 7694458;;www.bageee.fashion123.de;;;rainer.warth@bluewin.ch;DST;BAGEEE HANDELSGESELLSCHAFT MBH
DE053771W;+49 6196 7773575;;www.gitauto.com;;;rainer.warth@gmail.com;DST;GIT EUROPE GMBH
DE059131W;+49 211 5579690;;www.kerpers.de;;;rainer.warth@posteo.de;DST;KERPERS INNOVATION HANDELS GMBH
DE073504F;+49 30 36432424;;;;;contact@hybiom.com;DST;VLP GMBH
DE073504F;+49 30 36432424;;;;;forwarder@rainer-warth.eu;DST;VLP GMBH
DE073504F;+49 30 36432424;;;;;contact@hybiom.com;DST;VLP GMBH
DE049753W;+49 30 98311304;;www.dsb-kowolik.de;;;rainer.warth@hotmail.ch;DST;DSB KOWOLIK GMBH
DE044682W;+49 6196 7694458;;www.bageee.fashion123.de;;;rainer.warth@bluewin.ch;DST;BAGEEE HANDELSGESELLSCHAFT MBH
DE053771W;+49 6196 7773575;;www.gitauto.com;;;rainer.warth@gmail.com;DST;GIT EUROPE GMBH
DE059131W;+49 211 5579690;;www.kerpers.de;;;rainer.warth@posteo.de;DST;KERPERS INNOVATION HANDELS GMBH
DE073504F;+49 30 36432424;;;;;contact@hybiom.com;DST;VLP GMBH
DE073504F;+49 30 36432424;;;;;forwarder@rainer-warth.eu;DST;VLP GMBH
DE120;+49 30 36432424;;;;;contact@hybiom.com;DST;VLP GMBH
DE049753W;+49 30 98311304;;www.dsb-kowolik.de;;;rainer.warth@hotmail.ch;DST;DSB KOWOLIK GMBH
DE044682W;+49 6196 7694458;;www.bageee.fashion123.de;;;rainer.warth@bluewin.ch;DST;BAGEEE HANDELSGESELLSCHAFT MBH
DE053771W;+49 6196 7773575;;www.gitauto.com;;;rainer.warth@gmail.com;DST;GIT EUROPE GMBH
DE059131W;+49 211 5579690;;www.kerpers.de;;;rainer.warth@posteo.de;DST;KERPERS INNOVATION HANDELS GMBH
DE073504F;+49 30 36432424;;;;;contact@hybiom.com;DST;VLP GMBH
DE073504F;+49 30 36432424;;;;;forwarder@rainer-warth.eu;DST;VLP GMBH
DE073504F;+49 30 36432424;;;;;contact@hybiom.com;DST;VLP GMBH
DE049753W;+49 30 98311304;;www.dsb-kowolik.de;;;rainer.warth@hotmail.ch;DST;DSB KOWOLIK GMBH
DE044682W;+49 6196 7694458;;www.bageee.fashion123.de;;;rainer.warth@bluewin.ch;DST;BAGEEE HANDELSGESELLSCHAFT MBH
DE053771W;+49 6196 7773575;;www.gitauto.com;;;rainer.warth@gmail.com;DST;GIT EUROPE GMBH
DE059131W;+49 211 5579690;;www.kerpers.de;;;rainer.warth@posteo.de;DST;KERPERS INNOVATION HANDELS GMBH
DE073504F;+49 30 36432424;;;;;contact@hybiom.com;DST;VLP GMBH
DE073504F;+49 30 36432424;;;;;forwarder@rainer-warth.eu;DST;VLP GMBH
DE073504F;+49 30 36432424;;;;;contact@hybiom.com;DST;VLP GMBH
DE049753W;+49 30 98311304;;www.dsb-kowolik.de;;;rainer.warth@hotmail.ch;DST;DSB KOWOLIK GMBH
DE044682W;+49 6196 7694458;;www.bageee.fashion123.de;;;rainer.warth@bluewin.ch;DST;BAGEEE HANDELSGESELLSCHAFT MBH
DE053771W;+49 6196 7773575;;www.gitauto.com;;;rainer.warth@gmail.com;DST;GIT EUROPE GMBH
DE059131W;+49 211 5579690;;www.kerpers.de;;;rainer.warth@posteo.de;DST;KERPERS INNOVATION HANDELS GMBH
DE073504F;+49 30 36432424;;;;;contact@hybiom.com;DST;VLP GMBH
DE140;+49 30 36432424;;;;;forwarder@rainer-warth.eu;DST;VLP GMBH
DE073504F;+49 30 36432424;;;;;contact@hybiom.com;DST;VLP GMBH
DE049753W;+49 30 98311304;;www.dsb-kowolik.de;;;rainer.warth@hotmail.ch;DST;DSB KOWOLIK GMBH
DE044682W;+49 6196 7694458;;www.bageee.fashion123.de;;;rainer.warth@bluewin.ch;DST;BAGEEE HANDELSGESELLSCHAFT MBH
DE053771W;+49 6196 7773575;;www.gitauto.com;;;rainer.warth@gmail.com;DST;GIT EUROPE GMBH
DE059131W;+49 211 5579690;;www.kerpers.de;;;rainer.warth@posteo.de;DST;KERPERS INNOVATION HANDELS GMBH
DE073504F;+49 30 36432424;;;;;contact@hybiom.com;DST;VLP GMBH
DE073504F;+49 30 36432424;;;;;forwarder@rainer-warth.eu;DST;VLP GMBH
DE073504F;+49 30 36432424;;;;;contact@hybiom.com;DST;VLP GMBH
DE049753W;+49 30 98311304;;www.dsb-kowolik.de;;;rainer.warth@hotmail.ch;DST;DSB KOWOLIK GMBH
DE044682W;+49 6196 7694458;;www.bageee.fashion123.de;;;rainer.warth@bluewin.ch;DST;BAGEEE HANDELSGESELLSCHAFT MBH
DE053771W;+49 6196 7773575;;www.gitauto.com;;;rainer.warth@gmail.com;DST;GIT EUROPE GMBH
DE059131W;+49 211 5579690;;www.kerpers.de;;;rainer.warth@posteo.de;DST;KERPERS INNOVATION HANDELS GMBH
DE073504F;+49 30 36432424;;;;;contact@hybiom.com;DST;VLP GMBH
DE073504F;+49 30 36432424;;;;;forwarder@rainer-warth.eu;DST;VLP GMBH
DE073504F;+49 30 36432424;;;;;contact@hybiom.com;DST;VLP GMBH
DE049753W;+49 30 98311304;;www.dsb-kowolik.de;;;rainer.warth@hotmail.ch;DST;DSB KOWOLIK GMBH
DE044682W;+49 6196 7694458;;www.bageee.fashion123.de;;;rainer.warth@bluewin.ch;DST;BAGEEE HANDELSGESELLSCHAFT MBH
DE053771W;+49 6196 7773575;;www.gitauto.com;;;rainer.warth@gmail.com;DST;GIT EUROPE GMBH
DE059131W;+49 211 5579690;;www.kerpers.de;;;rainer.warth@posteo.de;DST;KERPERS INNOVATION HANDELS GMBH
DE160;+49 30 36432424;;;;;contact@hybiom.com;DST;VLP GMBH
DE073504F;+49 30 36432424;;;;;forwarder@rainer-warth.eu;DST;VLP GMBH
DE073504F;+49 30 36432424;;;;;contact@hybiom.com;DST;VLP GMBH
DE049753W;+49 30 98311304;;www.dsb-kowolik.de;;;rainer.warth@hotmail.ch;DST;DSB KOWOLIK GMBH
DE044682W;+49 6196 7694458;;www.bageee.fashion123.de;;;rainer.warth@bluewin.ch;DST;BAGEEE HANDELSGESELLSCHAFT MBH
DE053771W;+49 6196 7773575;;www.gitauto.com;;;rainer.warth@gmail.com;DST;GIT EUROPE GMBH
DE059131W;+49 211 5579690;;www.kerpers.de;;;rainer.warth@posteo.de;DST;KERPERS INNOVATION HANDELS GMBH
DE073504F;+49 30 36432424;;;;;contact@hybiom.com;DST;VLP GMBH
DE073504F;+49 30 36432424;;;;;forwarder@rainer-warth.eu;DST;VLP GMBH
DE073504F;+49 30 36432424;;;;;contact@hybiom.com;DST;VLP GMBH
DE049753W;+49 30 98311304;;www.dsb-kowolik.de;;;rainer.warth@hotmail.ch;DST;DSB KOWOLIK GMBH
DE044682W;+49 6196 7694458;;www.bageee.fashion123.de;;;rainer.warth@bluewin.ch;DST;BAGEEE HANDELSGESELLSCHAFT MBH
DE053771W;+49 6196 7773575;;www.gitauto.com;;;rainer.warth@gmail.com;DST;GIT EUROPE GMBH
DE059131W;+49 211 5579690;;www.kerpers.de;;;rainer.warth@posteo.de;DST;KERPERS INNOVATION HANDELS GMBH
DE073504F;+49 30 36432424;;;;;contact@hybiom.com;DST;VLP GMBH
DE073504F;+49 30 36432424;;;;;forwarder@rainer-warth.eu;DST;VLP GMBH
DE073504F;+49 30 36432424;;;;;contact@hybiom.com;DST;VLP GMBH
DE049753W;+49 30 98311304;;www.dsb-kowolik.de;;;rainer.warth@hotmail.ch;DST;DSB KOWOLIK GMBH
DE044682W;+49 6196 7694458;;www.bageee.fashion123.de;;;rainer.warth@bluewin.ch;DST;BAGEEE HANDELSGESELLSCHAFT MBH
DE053771W;+49 6196 7773575;;www.gitauto.com;;;rainer.warth@gmail.com;DST;GIT EUROPE GMBH
DE180;+49 211 5579690;;www.kerpers.de;;;rainer.warth@posteo.de;DST;KERPERS INNOVATION HANDELS GMBH
DE073504F;+49 30 36432424;;;;;contact@hybiom.com;DST;VLP GMBH
DE073504F;+49 30 36432424;;;;;forwarder@rainer-warth.eu;DST;VLP GMBH
DE073504F;+49 30 36432424;;;;;contact@hybiom.com;DST;VLP GMBH
DE049753W;+49 30 98311304;;www.dsb-kowolik.de;;;rainer.warth@hotmail.ch;DST;DSB KOWOLIK GMBH
DE044682W;+49 6196 7694458;;www.bageee.fashion123.de;;;rainer.warth@bluewin.ch;DST;BAGEEE HANDELSGESELLSCHAFT MBH
DE053771W;+49 6196 7773575;;www.gitauto.com;;;rainer.warth@gmail.com;DST;GIT EUROPE GMBH
DE059131W;+49 211 5579690;;www.kerpers.de;;;rainer.warth@posteo.de;DST;KERPERS INNOVATION HANDELS GMBH
DE073504F;+49 30 36432424;;;;;contact@hybiom.com;DST;VLP GMBH
DE073504F;+49 30 36432424;;;;;forwarder@rainer-warth.eu;DST;VLP GMBH
DE073504F;+49 30 36432424;;;;;contact@hybiom.com;DST;VLP GMBH
DE049753W;+49 30 98311304;;www.dsb-kowolik.de;;;rainer.warth@hotmail.ch;DST;DSB KOWOLIK GMBH
DE044682W;+49 6196 7694458;;www.bageee.fashion123.de;;;rainer.warth@bluewin.ch;DST;BAGEEE HANDELSGESELLSCHAFT MBH
DE053771W;+49 6196 7773575;;www.gitauto.com;;;rainer.warth@gmail.com;DST;GIT EUROPE GMBH
DE059131W;+49 211 5579690;;www.kerpers.de;;;rainer.warth@posteo.de;DST;KERPERS INNOVATION HANDELS GMBH
DE073504F;+49 30 36432424;;;;;contact@hybiom.com;DST;VLP GMBH
DE073504F;+49 30 36432424;;;;;forwarder@rainer-warth.eu;DST;VLP GMBH
DE073504F;+49 30 36432424;;;;;contact@hybiom.com;DST;VLP GMBH
DE049753W;+49 30 98311304;;www.dsb-kowolik.de;;;rainer.warth@hotmail.ch;DST;DSB KOWOLIK GMBH
DE044682W;+49 6196 7694458;;www.bageee.fashion123.de;;;rainer.warth@bluewin.ch;DST;BAGEEE HANDELSGESELLSCHAFT MBH
DE053771W;+49 6196 7773575;;www.gitauto.com;;;rainer.warth@gmail.com;DST;GIT EUROPE GMBH